<?xml version="1.0" encoding="UTF-8"?>
<project-private xmlns="http://www.netbeans.org/ns/project-private/1">
    <editor-bookmarks xmlns="http://www.netbeans.org/ns/editor-bookmarks/2" lastBookmarkId="0"/>
    <open-files xmlns="http://www.netbeans.org/ns/projectui-open-files/2">
        <group>
            <file>file:/C:/Users/Arif/Documents/NetBeansProjects/Menu/src/menu/GameMap.java</file>
            <file>file:/C:/Users/Arif/Documents/NetBeansProjects/Menu/src/menu/InputManager.java</file>
            <file>file:/C:/Users/Arif/Documents/NetBeansProjects/Menu/src/menu/Game.java</file>
            <file>file:/C:/Users/Arif/Documents/NetBeansProjects/Menu/src/menu/ChooseCharacter.java</file>
            <file>file:/C:/Users/Arif/Documents/NetBeansProjects/Menu/src/menu/MenuPanel.java</file>
            <file>file:/C:/Users/Arif/Documents/NetBeansProjects/Menu/src/menu/GameManager.java</file>
            <file>file:/C:/Users/Arif/Documents/NetBeansProjects/Menu/src/menu/MainFrame.java</file>
            <file>file:/C:/Users/Arif/Documents/NetBeansProjects/Menu/src/menu/Player.java</file>
            <file>file:/C:/Users/Arif/Documents/NetBeansProjects/Menu/src/menu/gameScreen.java</file>
            <file>file:/C:/Users/Arif/Documents/NetBeansProjects/Menu/src/menu/GameObject.java</file>
        </group>
    </open-files>
</project-private>
